Price,Close,High,Low,Open,Volume
Ticker,002664.SZ,002664.SZ,002664.SZ,002664.SZ,002664.SZ
Date,,,,,
2025-01-02,13.619999885559082,14.09000015258789,13.460000038146973,14.0600004196167,7978400
2025-01-03,12.920000076293945,13.710000038146973,12.899999618530273,13.680000305175781,7894700
2025-01-06,12.949999809265137,13.170000076293945,12.609999656677246,12.899999618530273,6153500
2025-01-07,13.300000190734863,13.369999885559082,12.890000343322754,12.949999809265137,5720100
2025-01-08,13.300000190734863,13.4399995803833,12.859999656677246,13.220000267028809,6292600
2025-01-09,13.199999809265137,13.350000381469727,13.100000381469727,13.210000038146973,5117300
2025-01-10,14.149999618530273,14.260000228881836,13.0,13.149999618530273,15967700
2025-01-13,15.010000228881836,15.380000114440918,13.619999885559082,13.699999809265137,23725464
2025-01-14,15.140000343322754,15.289999961853027,14.130000114440918,14.5,28297779
2025-01-15,14.6899995803833,14.949999809265137,14.619999885559082,14.90999984741211,14417964
2025-01-16,15.170000076293945,15.649999618530273,15.010000228881836,15.3100004196167,25545278
2025-01-17,14.75,15.09000015258789,14.649999618530273,14.979999542236328,13281473
2025-01-20,15.210000038146973,15.859999656677246,14.920000076293945,15.0,19325137
2025-01-21,15.59000015258789,15.760000228881836,15.130000114440918,15.220000267028809,15057825
2025-01-22,15.420000076293945,15.819999694824219,15.300000190734863,15.539999961853027,11732700
2025-01-23,15.029999732971191,15.699999809265137,15.029999732971191,15.470000267028809,15172864
2025-01-24,15.020000457763672,15.289999961853027,14.880000114440918,14.90999984741211,10237039
2025-01-27,14.239999771118164,14.960000038146973,14.199999809265137,14.850000381469727,13904327
2025-02-05,15.399999618530273,15.65999984741211,14.140000343322754,14.300000190734863,32181110
2025-02-06,16.940000534057617,16.940000534057617,15.229999542236328,15.25,23570524
2025-02-07,16.850000381469727,17.329999923706055,16.3700008392334,17.1299991607666,54450049
2025-02-10,16.899999618530273,17.25,16.549999237060547,17.110000610351562,31074514
2025-02-11,17.610000610351562,17.889999389648438,16.799999237060547,16.8799991607666,34665311
2025-02-12,17.940000534057617,18.520000457763672,17.18000030517578,17.200000762939453,31688055
2025-02-13,17.6299991607666,18.8799991607666,17.59000015258789,18.420000076293945,30019764
2025-02-14,17.90999984741211,18.389999389648438,17.239999771118164,17.389999389648438,26415663
2025-02-17,17.799999237060547,18.0,17.299999237060547,17.790000915527344,28350111
2025-02-18,17.530000686645508,18.350000381469727,17.440000534057617,17.799999237060547,22000515
2025-02-19,19.280000686645508,19.280000686645508,17.56999969482422,17.56999969482422,31595985
2025-02-20,19.15999984741211,19.670000076293945,18.799999237060547,19.09000015258789,32457687
2025-02-21,21.079999923706055,21.079999923706055,19.290000915527344,19.59000015258789,29853165
2025-02-24,20.809999465942383,21.600000381469727,19.389999389648438,21.0,47248959
2025-02-25,21.079999923706055,21.889999389648438,20.0,20.0,29721286
2025-02-26,23.110000610351562,23.190000534057617,21.0,21.0,45009662
2025-02-27,21.649999618530273,23.299999237060547,21.360000610351562,23.299999237060547,47264862
2025-02-28,19.489999771118164,21.700000762939453,19.489999771118164,21.65999984741211,32249724
2025-03-03,18.450000762939453,19.489999771118164,17.700000762939453,19.489999771118164,37379539
2025-03-04,18.59000015258789,19.260000228881836,18.3799991607666,18.459999084472656,26519035
2025-03-05,19.030000686645508,19.059999465942383,18.360000610351562,18.56999969482422,22555601
2025-03-06,19.59000015258789,19.93000030517578,18.950000762939453,19.0,28341800
2025-03-07,19.559999465942383,19.979999542236328,19.18000030517578,19.5,22247173
2025-03-10,19.350000381469727,19.75,18.889999389648438,19.3799991607666,17780139
2025-03-11,18.979999542236328,19.299999237060547,18.5,18.8799991607666,18874702
2025-03-12,18.610000610351562,19.360000610351562,18.579999923706055,19.139999389648438,17249800
2025-03-13,17.5,18.68000030517578,17.209999084472656,18.68000030517578,24473200
2025-03-14,17.90999984741211,17.979999542236328,17.110000610351562,17.40999984741211,15288790
2025-03-17,19.700000762939453,19.700000762939453,18.010000228881836,18.200000762939453,26298669
2025-03-18,19.889999389648438,20.65999984741211,19.510000228881836,20.0,42020390
2025-03-19,20.610000610351562,20.799999237060547,19.399999618530273,19.889999389648438,43892177
2025-03-20,20.600000381469727,21.149999618530273,19.719999313354492,20.350000381469727,40564370
2025-03-21,18.540000915527344,20.420000076293945,18.540000915527344,20.389999389648438,34668700
2025-03-24,18.219999313354492,18.459999084472656,17.43000030517578,18.399999618530273,26157206
2025-03-25,17.600000381469727,18.399999618530273,17.5,18.200000762939453,13369000
2025-03-26,17.959999084472656,18.479999542236328,17.399999618530273,17.469999313354492,14143006
2025-03-27,17.649999618530273,18.239999771118164,17.559999465942383,17.899999618530273,10665978
2025-03-28,17.770000457763672,18.610000610351562,17.65999984741211,17.65999984741211,13781577
2025-03-31,17.0,17.559999465942383,16.579999923706055,17.5,16742299
2025-04-01,16.690000534057617,17.299999237060547,16.68000030517578,17.270000457763672,7927700
2025-04-02,16.700000762939453,17.1299991607666,16.579999923706055,16.690000534057617,9040200
2025-04-03,16.200000762939453,16.829999923706055,16.079999923706055,16.360000610351562,11207499
2025-04-07,14.579999923706055,15.479999542236328,14.579999923706055,14.800000190734863,12395400
2025-04-08,13.770000457763672,14.789999961853027,13.300000190734863,14.5,17966600
2025-04-09,14.149999618530273,14.300000190734863,12.600000381469727,13.489999771118164,18688642
2025-04-10,14.899999618530273,15.300000190734863,14.600000381469727,14.600000381469727,17746800
2025-04-11,15.260000228881836,15.670000076293945,14.699999809265137,14.699999809265137,14717500
2025-04-14,15.420000076293945,15.829999923706055,15.25,15.600000381469727,13600000
2025-04-15,15.619999885559082,15.84000015258789,15.180000305175781,15.4399995803833,13789100
2025-04-16,15.140000343322754,15.600000381469727,14.800000190734863,15.5,10322400
2025-04-17,14.979999542236328,15.300000190734863,14.970000267028809,15.050000190734863,6552500
2025-04-18,15.069999694824219,15.470000267028809,14.680000305175781,14.890000343322754,7543500
2025-04-21,15.399999618530273,15.470000267028809,14.899999618530273,15.079999923706055,8006500
2025-04-22,15.34000015258789,15.510000228881836,15.100000381469727,15.300000190734863,6188700
2025-04-23,15.84000015258789,15.989999771118164,15.460000038146973,15.5600004196167,15690900
2025-04-24,15.5600004196167,15.989999771118164,15.5,15.850000381469727,9603800
2025-04-25,15.649999618530273,15.789999961853027,15.390000343322754,15.510000228881836,7760400
2025-04-28,15.210000038146973,15.569999694824219,15.100000381469727,15.510000228881836,8753900
2025-04-29,15.65999984741211,15.880000114440918,15.079999923706055,15.180000305175781,11625699
2025-04-30,17.229999542236328,17.229999542236328,15.5,15.819999694824219,24739500
2025-05-06,18.950000762939453,18.950000762939453,18.0,18.0,22454879
2025-05-07,19.5,20.65999984741211,18.950000762939453,19.600000381469727,68041163
2025-05-08,20.5,21.149999618530273,19.0,19.0,54980800
2025-05-09,19.299999237060547,20.65999984741211,19.100000381469727,20.200000762939453,40703027
2025-05-12,19.93000030517578,20.56999969482422,19.579999923706055,19.65999984741211,29389240
2025-05-13,19.209999084472656,20.329999923706055,19.149999618530273,20.299999237060547,23644500
2025-05-14,18.899999618530273,19.489999771118164,18.610000610351562,19.329999923706055,18829842
2025-05-15,20.790000915527344,20.790000915527344,18.5,18.950000762939453,28844242
2025-05-16,21.65999984741211,22.670000076293945,20.280000686645508,20.790000915527344,78356257
2025-05-19,21.5,21.690000534057617,19.969999313354492,20.989999771118164,49118094
2025-05-20,20.469999313354492,21.299999237060547,20.399999618530273,21.0,37872647
2025-05-21,19.739999771118164,20.59000015258789,19.5,20.170000076293945,29957700
2025-05-22,19.559999465942383,19.959999084472656,19.299999237060547,19.610000610351562,17091880
2025-05-23,20.420000076293945,21.059999465942383,20.25,20.5,39679000
2025-05-26,21.219999313354492,21.65999984741211,19.989999771118164,20.530000686645508,41724900
2025-05-27,20.899999618530273,21.15999984741211,20.399999618530273,20.93000030517578,24331300
2025-05-28,22.139999389648438,22.989999771118164,20.899999618530273,21.020000457763672,54445507
2025-05-29,22.059999465942383,23.18000030517578,21.75,22.549999237060547,34950810
2025-05-30,21.360000610351562,21.979999542236328,20.850000381469727,21.84000015258789,25051300
2025-06-03,21.8700008392334,22.520000457763672,21.049999237060547,21.059999465942383,24797100
2025-06-04,22.40999984741211,22.899999618530273,21.799999237060547,21.799999237060547,27747620
2025-06-05,22.239999771118164,22.559999465942383,21.600000381469727,22.110000610351562,17025106
2025-06-06,20.780000686645508,22.260000228881836,20.700000762939453,22.18000030517578,24163900
2025-06-09,20.59000015258789,21.360000610351562,20.510000228881836,20.780000686645508,16976600
2025-06-10,19.440000534057617,20.790000915527344,19.350000381469727,20.59000015258789,27233300
2025-06-11,19.290000915527344,19.649999618530273,19.170000076293945,19.600000381469727,15387500
2025-06-12,19.950000762939453,20.399999618530273,18.8799991607666,19.280000686645508,25438781
2025-06-13,19.229999542236328,20.329999923706055,19.040000915527344,19.8700008392334,16170475
2025-06-16,19.229999542236328,19.40999984741211,18.8799991607666,19.100000381469727,8950600
2025-06-17,19.09000015258789,19.299999237060547,18.920000076293945,19.15999984741211,7667548
2025-06-18,19.030000686645508,19.209999084472656,18.600000381469727,19.09000015258789,10239300
2025-06-19,18.3799991607666,19.290000915527344,18.299999237060547,18.940000534057617,13713980
2025-06-20,17.770000457763672,18.399999618530273,17.68000030517578,18.280000686645508,12199000
2025-06-23,17.829999923706055,17.850000381469727,17.530000686645508,17.530000686645508,8096700
2025-06-24,18.420000076293945,18.6299991607666,17.8799991607666,17.940000534057617,12934094
2025-06-25,18.600000381469727,18.860000610351562,18.31999969482422,18.450000762939453,10169400
2025-06-26,18.239999771118164,19.079999923706055,18.229999542236328,18.639999389648438,10130402
2025-06-27,18.239999771118164,18.649999618530273,18.209999084472656,18.399999618530273,6471000
2025-06-30,18.469999313354492,18.6200008392334,18.209999084472656,18.440000534057617,6570900
2025-07-01,18.190000534057617,18.459999084472656,18.010000228881836,18.329999923706055,6453200
2025-07-02,17.899999618530273,18.190000534057617,17.760000228881836,18.049999237060547,5414574
2025-07-03,17.8700008392334,18.079999923706055,17.770000457763672,17.899999618530273,4933494
2025-07-04,17.700000762939453,17.920000076293945,17.59000015258789,17.790000915527344,5145400
2025-07-07,17.56999969482422,17.65999984741211,17.309999465942383,17.65999984741211,5931000
2025-07-08,17.799999237060547,17.8700008392334,17.450000762939453,17.56999969482422,5825200
2025-07-09,17.6200008392334,18.25,17.600000381469727,18.0,7488636
2025-07-10,17.399999618530273,17.6200008392334,17.350000381469727,17.559999465942383,5924385
2025-07-11,17.850000381469727,18.18000030517578,17.3700008392334,17.440000534057617,10317800
2025-07-14,18.209999084472656,18.280000686645508,17.780000686645508,17.850000381469727,10742600
2025-07-15,18.09000015258789,18.31999969482422,17.889999389648438,18.229999542236328,7796200
2025-07-16,18.6299991607666,18.850000381469727,18.020000457763672,18.110000610351562,18556500
2025-07-17,19.540000915527344,19.559999465942383,18.280000686645508,18.600000381469727,21620000
2025-07-18,19.520000457763672,19.75,19.25,19.549999237060547,14738600
2025-07-21,19.75,20.399999618530273,19.5,19.729999542236328,20287480
2025-07-22,19.969999313354492,20.780000686645508,19.799999237060547,19.989999771118164,21592300
2025-07-23,20.809999465942383,21.0,19.68000030517578,19.799999237060547,25839045
2025-07-24,21.690000534057617,22.280000686645508,20.5,20.649999618530273,27907323
2025-07-25,21.790000915527344,22.059999465942383,21.25,21.709999084472656,18210917
2025-07-28,21.799999237060547,22.969999313354492,21.65999984741211,21.790000915527344,21518700
2025-07-29,22.540000915527344,23.0,21.719999313354492,21.790000915527344,18320737
2025-07-30,21.75,22.700000762939453,21.639999389648438,22.209999084472656,15587918
2025-07-31,21.510000228881836,21.969999313354492,21.280000686645508,21.5,14346800
2025-08-01,21.15999984741211,21.6200008392334,20.829999923706055,21.40999984741211,12415325
2025-08-04,22.0,22.18000030517578,20.809999465942383,21.0,13240140
2025-08-05,22.239999771118164,22.799999237060547,21.780000686645508,22.010000228881836,13316583
2025-08-06,22.790000915527344,23.3799991607666,21.850000381469727,22.139999389648438,24156643
2025-08-07,22.200000762939453,23.299999237060547,21.809999465942383,23.110000610351562,23261000
2025-08-08,24.420000076293945,24.420000076293945,22.0,22.18000030517578,36519318
2025-08-11,23.600000381469727,24.360000610351562,22.829999923706055,24.360000610351562,43745725
2025-08-12,22.959999084472656,23.75,22.90999984741211,23.5,23997563
2025-08-13,23.530000686645508,23.68000030517578,22.700000762939453,22.799999237060547,20191395
2025-08-14,22.860000610351562,23.559999465942383,22.639999389648438,23.440000534057617,17274447
2025-08-15,23.729999542236328,24.0,22.760000228881836,22.760000228881836,20941700
2025-08-18,25.110000610351562,25.1299991607666,24.209999084472656,24.829999923706055,26474156
2025-08-19,27.0,27.6200008392334,24.229999542236328,25.010000228881836,49111353
2025-08-20,26.020000457763672,26.809999465942383,25.579999923706055,26.450000762939453,31777659
2025-08-21,25.979999542236328,27.280000686645508,25.860000610351562,26.040000915527344,25411347
2025-08-22,26.65999984741211,27.149999618530273,25.600000381469727,26.170000076293945,20701330
2025-08-25,28.030000686645508,29.06999969482422,27.040000915527344,27.170000076293945,28377759
2025-08-26,27.399999618530273,28.030000686645508,27.25,27.799999237060547,18399966
2025-08-27,26.200000762939453,27.760000228881836,26.200000762939453,27.5,16523336
2025-08-28,25.90999984741211,26.65999984741211,25.200000762939453,26.209999084472656,14855603
2025-08-29,27.43000030517578,27.790000915527344,25.8799991607666,26.299999237060547,17643991
2025-09-01,27.260000228881836,28.020000457763672,27.0,27.15999984741211,12641678
2025-09-02,27.65999984741211,29.0,24.8799991607666,27.549999237060547,36136476
2025-09-03,26.0,28.65999984741211,25.850000381469727,28.510000228881836,24822764
2025-09-04,25.0,26.469999313354492,24.520000457763672,26.209999084472656,15887614
2025-09-05,25.75,25.8799991607666,24.889999389648438,25.049999237060547,10768845
2025-09-08,27.610000610351562,28.139999389648438,25.610000610351562,25.68000030517578,20289376
2025-09-09,28.3700008392334,28.989999771118164,27.049999237060547,27.3700008392334,18046500
2025-09-10,27.649999618530273,28.979999542236328,27.399999618530273,28.389999389648438,15968859
2025-09-11,29.280000686645508,29.979999542236328,27.5,27.6299991607666,17336581
2025-09-12,28.739999771118164,29.649999618530273,28.65999984741211,29.450000762939453,12957475
2025-09-15,30.09000015258789,30.889999389648438,28.709999084472656,28.739999771118164,18626454
2025-09-16,31.110000610351562,31.959999084472656,29.959999084472656,30.1200008392334,22153800
2025-09-17,33.31999969482422,33.970001220703125,31.030000686645508,31.489999771118164,21035178
2025-09-18,32.13999938964844,35.630001068115234,31.639999389648438,33.720001220703125,30213121
2025-09-19,30.579999923706055,31.969999313354492,30.389999389648438,31.799999237060547,17392530
2025-09-22,32.20000076293945,32.290000915527344,30.700000762939453,30.700000762939453,13696168
2025-09-23,32.5099983215332,33.29999923706055,31.540000915527344,32.31999969482422,13991560
2025-09-24,31.93000030517578,32.349998474121094,31.209999084472656,32.29999923706055,10613995
2025-09-25,31.06999969482422,32.66999816894531,30.81999969482422,32.0,12508350
2025-09-26,30.1299991607666,31.600000381469727,30.0,30.739999771118164,11970227
2025-09-29,31.65999984741211,31.969999313354492,30.059999465942383,30.239999771118164,12264162
2025-09-30,30.8799991607666,31.59000015258789,30.59000015258789,31.540000915527344,8799600
2025-10-09,30.299999237060547,31.110000610351562,29.81999969482422,30.8799991607666,11289000
2025-10-10,29.940000534057617,31.329999923706055,29.65999984741211,30.0,10095550
2025-10-13,31.1299991607666,31.5,27.799999237060547,27.799999237060547,18313907
2025-10-14,29.190000534057617,31.549999237060547,28.860000610351562,31.5,13898100
2025-10-15,32.11000061035156,32.11000061035156,29.079999923706055,29.59000015258789,17274986
2025-10-16,30.8700008392334,31.530000686645508,30.739999771118164,31.110000610351562,22854677
2025-10-17,30.399999618530273,32.5,30.0,30.969999313354492,20341203
2025-10-20,32.52000045776367,33.25,30.969999313354492,31.209999084472656,24811095
2025-10-21,31.959999084472656,33.119998931884766,31.809999465942383,32.970001220703125,14719800
